yr,q,session_to_order_conversion_rt,revenue_per_order,revenue_per_session
2012,1,0.0320,49.990000,1.597975
2012,2,0.0304,49.990000,1.517233
2012,3,0.0405,49.990000,2.024941
2012,4,0.0463,49.990000,2.315643
2013,1,0.0642,52.142396,3.347653
2013,2,0.0694,51.539214,3.577347
2013,3,0.0665,51.733585,3.442672
2013,4,0.0645,54.715688,3.529783
2014,1,0.0656,62.145098,4.077529
2014,2,0.0724,64.389797,4.663942
2014,3,0.0706,64.491355,4.554774
2014,4,0.0773,63.793497,4.933658
